,Avg_RMSE_brain,Avg_SSIM_brain,Avg_PSNR_brain,Avg_RMSE_bone,Avg_SSIM_bone,Avg_PSNR_bone
FBP,14.836581230163574,0.7117671173863969,6.997037647407607,99.66575622558594,0.8086873690803202,28.566211639348733
MBIR,12.132152557373047,0.726748896189787,8.068112992294823,108.84703063964844,0.8455520381910633,25.477052570546604
DLR,6.84796142578125,0.8102053207275096,12.593390510862935,64.08563232421875,0.9299177346945159,37.494673559188854
