,Avg_RMSE_brain,Avg_SSIM_brain,Avg_PSNR_brain,Avg_RMSE_bone,Avg_SSIM_bone,Avg_PSNR_bone
FBP,22.23992919921875,0.5155300136120492,4.612593982232569,487.9478454589844,0.5975312762757987,15.846805658450087
MBIR,16.549291610717773,0.621187623479104,6.495974485702778,354.2204895019531,0.7546675573078493,17.220580329070916
DLR,8.447402000427246,0.8005900316775485,9.777955488296909,204.03419494628906,0.6921767749279435,15.154512411852242
