,Avg_RMSE_brain,Avg_SSIM_brain,Avg_PSNR_brain,Avg_RMSE_bone,Avg_SSIM_bone,Avg_PSNR_bone
Label_0,6.813438415527344,0.8330572308348914,13.757513033377796,60.26428985595703,0.9293103623751654,38.3051620737083
Label_1,7.638415336608887,0.766904385266228,10.855827397855892,95.18658447265625,0.9192106156183266,35.394469338373035
Label_2,6.4761528968811035,0.7886556193036449,11.855449318394069,61.12649917602539,0.9361690504337187,37.347525663260946
Label_3,7.412034511566162,0.7668922064356855,10.312068760819097,60.779014587402344,0.9275958053634124,33.95986052993225
Label_4,6.678197860717773,0.8114499020378418,11.851011834288222,62.632843017578125,0.930616713783139,37.85893900211697
Label_5,6.200576305389404,0.8031837182715723,12.291367574164827,59.886962890625,0.938966069319807,38.84358870517573
