,Avg_RMSE_brain,Avg_SSIM_brain,Avg_PSNR_brain,Avg_RMSE_bone,Avg_SSIM_bone,Avg_PSNR_bone
Label_0,8.730938911437988,0.8165147465120425,9.599920321902701,213.7196807861328,0.6877400618990168,14.539766963322178
Label_1,9.159402847290039,0.7670350672037732,9.083556559907473,233.00172424316406,0.6837744593834886,14.383215223133634
Label_2,7.52509880065918,0.7878791400564752,10.765052631000191,176.55224609375,0.6989607884317985,16.794226953712176
Label_3,8.321053504943848,0.7640485834181123,9.223897971045517,164.89013671875,0.7028275493701893,16.58577079977982
Label_4,7.893057346343994,0.8061898530192679,10.348415443000349,191.97047424316406,0.6991402181520107,15.692076840865722
Label_5,7.920718193054199,0.7981739405176438,10.359030668502061,205.32887268066406,0.6983644244468624,15.39099948442018
