,Avg_RMSE_brain,Avg_SSIM_brain,Avg_PSNR_brain,Avg_RMSE_bone,Avg_SSIM_bone,Avg_PSNR_bone
Label_0,13.782520294189453,0.745502128761876,8.849801471754946,90.03919982910156,0.8196867975014639,30.388975961687382
Label_1,17.014265060424805,0.6530220399192487,4.870612728251162,148.13539123535156,0.7843842374651441,25.964676629438586
Label_2,15.675361633300781,0.6763029834502835,5.19822974516429,101.40105438232422,0.8004020733612769,26.62704369133092
Label_3,17.094501495361328,0.6499989525043184,4.530734709402924,95.66534423828125,0.7762365478409423,24.311693180940168
Label_4,14.918684005737305,0.712425701896484,5.455804020726073,96.17585754394531,0.8116614412190326,28.10374117903516
Label_5,14.755112648010254,0.6984110583136335,5.66377387630664,105.03560638427734,0.8157150530786501,28.687361000445506
