,Avg_RMSE_brain,Avg_SSIM_brain,Avg_PSNR_brain,Avg_RMSE_bone,Avg_SSIM_bone,Avg_PSNR_bone
Label_0,11.660935401916504,0.7581209649745552,9.777868274270338,100.39115905761719,0.8480137568975943,27.319882035108144
Label_1,13.037432670593262,0.6770653555937949,6.272543631409385,147.07656860351562,0.8306695495734051,23.03465892110574
Label_2,12.372784614562988,0.6939010116818727,6.390924962177448,112.35069274902344,0.8478935544873691,23.424017143566612
Label_3,13.85084342956543,0.660324764444814,5.582858406232195,112.30947875976562,0.831426157899792,21.424565505083343
Label_4,12.221879005432129,0.7255407831865663,6.522927811199488,105.83821105957031,0.8474733791670489,24.789844482811386
Label_5,11.52821159362793,0.7202749912124732,7.0416801714446,108.92941284179688,0.8579845269364362,25.49280769432501
